dia_semana,insumo,unidad,promedio,maximo,pedido_sugerido
lunes,Leche entera,L,17.95,21.21,19.7
martes,Leche entera,L,17.75,23.0,19.5
miércoles,Leche entera,L,17.42,20.71,19.2
jueves,Leche entera,L,20.65,25.13,22.7
viernes,Leche entera,L,21.58,24.82,23.7
sábado,Leche entera,L,27.08,32.56,29.8
domingo,Leche entera,L,23.49,26.71,25.8
lunes,Café en grano,kg,2.28,2.87,2.5
martes,Café en grano,kg,2.28,2.73,2.5
miércoles,Café en grano,kg,2.36,2.72,2.6
jueves,Café en grano,kg,2.56,2.93,2.8
viernes,Café en grano,kg,2.8,3.14,3.1
sábado,Café en grano,kg,3.48,4.06,3.8
domingo,Café en grano,kg,2.94,3.35,3.2
