fecha,dia_semana,es_festivo,temp_max_c,lluvia_mm
2026-08-03,lunes,0,35.3,0.0
2026-08-04,martes,0,34.8,8.2
2026-08-05,miércoles,0,31.8,0.0
2026-08-06,jueves,0,34.9,0.0
2026-08-07,viernes,1,31.5,9.8
2026-08-08,sábado,0,34.0,7.0
2026-08-09,domingo,0,36.1,0.0
2026-08-10,lunes,0,36.1,0.0
2026-08-11,martes,0,33.7,0.0
2026-08-12,miércoles,0,35.3,0.0
2026-08-13,jueves,0,36.0,0.0
2026-08-14,viernes,0,36.3,0.0
2026-08-15,sábado,0,33.2,0.0
2026-08-16,domingo,0,33.5,0.0
2026-08-17,lunes,1,34.8,0.0
2026-08-18,martes,0,36.5,0.0
2026-08-19,miércoles,0,35.4,0.0
2026-08-20,jueves,0,36.4,0.0
2026-08-21,viernes,0,29.3,19.4
2026-08-22,sábado,0,34.1,0.0
2026-08-23,domingo,0,35.2,0.0
2026-08-24,lunes,0,34.9,0.0
2026-08-25,martes,0,31.9,0.0
2026-08-26,miércoles,0,36.0,0.0
2026-08-27,jueves,0,35.0,0.0
2026-08-28,viernes,0,33.8,0.0
2026-08-29,sábado,0,36.2,0.0
2026-08-30,domingo,0,32.1,0.0
2026-08-31,lunes,0,33.8,0.0
2026-09-01,martes,0,35.7,0.0
2026-09-02,miércoles,0,35.0,0.0
2026-09-03,jueves,0,34.2,0.0
2026-09-04,viernes,0,34.3,0.0
2026-09-05,sábado,0,34.2,0.0
2026-09-06,domingo,0,35.7,0.0
2026-09-07,lunes,0,34.1,0.0
2026-09-08,martes,0,35.4,0.0
2026-09-09,miércoles,0,31.6,0.0
2026-09-10,jueves,0,33.7,15.3
2026-09-11,viernes,0,37.9,0.0
2026-09-12,sábado,0,32.7,37.9
2026-09-13,domingo,0,34.4,0.0
2026-09-14,lunes,0,33.8,0.0
2026-09-15,martes,0,33.0,27.5
2026-09-16,miércoles,0,33.6,0.0
2026-09-17,jueves,0,33.4,0.0
2026-09-18,viernes,0,31.5,0.0
2026-09-19,sábado,0,34.8,0.0
2026-09-20,domingo,0,34.1,0.0
2026-09-21,lunes,0,34.2,0.0
2026-09-22,martes,0,34.5,0.0
2026-09-23,miércoles,0,33.5,0.0
2026-09-24,jueves,0,34.8,0.0
2026-09-25,viernes,0,33.0,0.0
2026-09-26,sábado,0,31.8,6.4
2026-09-27,domingo,0,34.1,0.0
