id_cliente,nombre,telefono,fecha_registro
C001,Jorge Cuéllar,3197682357,2026-04-12
C002,Laura Losada,3144021273,2025-12-30
C003,Santiago Cabrera,3181082895,2025-08-07
C004,Andrés Rojas,3175800207,2026-03-30
C005,Natalia Vargas,3142706102,2025-12-24
C006,María Medina,3123881079,2025-12-20
C007,Sofía Quintero,3106098041,2026-05-06
C008,Sofía Cuéllar,3154526496,2025-11-10
C009,Jorge Charry,3195131014,2025-06-17
C010,Andrés Vargas,3101454130,2026-04-21
C011,Julián Ortiz,3132647138,2025-08-22
C012,Sofía Quintero,3188577059,2025-12-21
C013,Sebastián Losada,3195606932,2025-11-20
C014,Natalia Silva,3148966058,2026-05-29
C015,Camila Ramírez,3168715708,2025-06-09
C016,Natalia Medina,3112738529,2025-09-04
C017,Diego Cabrera,3104596371,2025-10-30
C018,Mateo Vargas,3175732004,2026-01-26
C019,Julián Polanía,3151877636,2025-08-26
C020,Camila Polanía,3111768205,2026-02-09
C021,Jorge Ramírez,3138573378,2025-08-10
C022,Andrés Cabrera,3178440421,2026-05-29
C023,Sebastián Charry,3124449603,2026-06-10
C024,María Perdomo,3197359261,2025-07-08
C025,Mateo Cabrera,3165661397,2026-01-30
C026,Luis Rojas,3117728880,2026-04-19
C027,Julián Cuéllar,3133836665,2025-10-19
C028,Mateo Losada,3175266325,2026-03-01
C029,Daniela Cabrera,3119036606,2026-04-17
C030,Diego Vargas,3138349795,2026-05-11
C031,Luis Cuéllar,3143789673,2026-01-20
C032,Ana Quintero,3188935938,2026-01-30
C033,Luis Medina,3134588470,2025-07-27
C034,Juliana Losada,3157141418,2025-11-29
C035,Valentina Vargas,3157403594,2026-03-17
C036,Mateo Ortiz,3184615164,2026-04-15
C037,Carlos Ramírez,3188443843,2025-10-17
C038,Felipe Cabrera,3195188164,2025-09-22
C039,Paula Quintero,3189646197,2026-03-13
C040,Laura Vargas,3199430289,2025-06-23
C041,Paula Charry,3139102387,2025-08-25
C042,Paula Vargas,3149175180,2026-03-27
C043,Andrés Polanía,3182323418,2026-02-25
C044,Camila Charry,3116835006,2026-04-21
C045,Paula Polanía,3127670030,2026-04-06
C046,Juliana Cabrera,3175758831,2026-04-28
C047,Mateo Losada,3175762988,2025-10-07
C048,Natalia Cuéllar,3152812877,2025-11-27
C049,Julián Silva,3152447078,2026-01-29
C050,Luis Ramírez,3168048208,2026-03-21
C051,Mateo Losada,3172346450,2025-10-29
C052,Laura Rojas,3177553772,2026-03-13
C053,Santiago Rojas,3111693616,2025-08-11
C054,Sofía Cabrera,3164710268,2025-09-24
C055,Jorge Cabrera,3141216101,2026-02-23
C056,Laura Charry,3126943353,2026-04-03
C057,Carlos Losada,3163636242,2025-07-01
C058,Ana Rojas,3135209300,2026-06-21
C059,Carlos Perdomo,3133578038,2026-04-12
C060,Laura Medina,3135641969,2025-10-19
C061,Jorge Ramírez,3156918820,2026-02-16
C062,Carlos Vargas,3122502220,2025-09-18
C063,Sofía Cabrera,3137993440,2025-07-16
C064,Daniela Trujillo,3188042637,2026-01-20
C065,Julián Quintero,3139479489,2026-05-25
C066,Paula Ortiz,3154426256,2026-05-18
C067,Santiago Perdomo,3158858180,2025-07-02
C068,Sebastián Rojas,3141843169,2026-01-30
C069,Sofía Silva,3139945155,2025-06-30
C070,Sofía Vargas,3142909867,2026-06-24
C071,Santiago Ramírez,3184364641,2025-11-12
C072,Natalia Rojas,3131841530,2026-06-05
C073,Julián Silva,3198516274,2025-12-22
C074,Juliana Ortiz,3135373396,2026-03-12
C075,Ana Quintero,3129661612,2025-06-07
C076,Luis Losada,3192301541,2026-03-10
C077,Sebastián Cuéllar,3129026394,2026-01-26
C078,Camila Ortiz,3124235914,2025-08-11
C079,Sebastián Perdomo,3183126615,2025-11-27
C080,Laura Vargas,3186914107,2025-10-15
C081,Luis Polanía,3111271696,2025-06-13
C082,Camila Charry,3115729226,2026-04-21
C083,Andrés Cabrera,3195262446,2026-02-26
C084,Andrés Trujillo,3111436546,2025-11-08
C085,Santiago Perdomo,3114907639,2025-10-01
C086,Jorge Losada,3143744272,2025-08-31
C087,Ana Cabrera,3163237833,2026-04-01
C088,Felipe Losada,3129372642,2025-06-26
C089,Mateo Ramírez,3156384671,2025-12-23
C090,Felipe Quintero,3152387417,2025-08-29
C091,Daniela Quintero,3157814183,2025-07-01
C092,Julián Cuéllar,3104326099,2026-01-17
C093,Sebastián Ortiz,3126389655,2025-09-20
C094,Valentina Medina,3194419414,2026-06-05
C095,Felipe Losada,3106746912,2026-03-11
C096,Andrés Charry,3137137432,2025-11-04
C097,Andrés Ramírez,3113551808,2026-06-30
C098,Carlos Quintero,3138479518,2026-04-12
C099,Luis Polanía,3156563176,2025-12-17
C100,Carlos Losada,3176447416,2025-07-22
C101,Sofía Medina,3182962053,2025-07-01
C102,Mateo Trujillo,3163285662,2026-04-26
C103,Carlos Losada,3154558393,2025-12-06
C104,Camila Rojas,3191304854,2026-06-07
C105,Camila Silva,3151492580,2025-12-10
C106,Daniela Perdomo,3136964137,2025-12-19
C107,Sebastián Losada,3123848306,2026-04-27
C108,Felipe Medina,3167482199,2025-11-29
C109,Santiago Losada,3161673437,2025-12-25
C110,Ana Vargas,3137661180,2026-05-30
C111,Laura Charry,3182927609,2025-09-04
C112,Natalia Vargas,3138825963,2025-08-31
C113,Felipe Charry,3119158789,2026-06-07
C114,María Trujillo,3137203819,2026-06-04
C115,Mateo Polanía,3144548579,2026-06-29
C116,Daniela Perdomo,3131230831,2026-06-03
C117,Paula Trujillo,3197850017,2025-06-08
C118,Ana Ramírez,3196065357,2026-06-19
C119,Paula Polanía,3191740621,2025-08-02
C120,Ana Ramírez,3136136634,2026-05-23
C121,Luis Charry,3141055401,2026-03-04
C122,Luis Quintero,3115062389,2025-12-28
C123,Sofía Vargas,3186519309,2025-11-29
C124,Carlos Vargas,3128223926,2026-02-28
C125,Jorge Vargas,3183615452,2026-02-17
C126,Andrés Trujillo,3193088409,2025-12-31
C127,Mateo Charry,3153979842,2025-07-03
C128,Sebastián Medina,3171532751,2025-09-29
C129,Sebastián Cabrera,3109383494,2025-08-11
C130,Daniela Ramírez,3118925714,2026-07-02
C131,Julián Ortiz,3166419224,2026-05-03
C132,Ana Charry,3171671286,2025-06-10
C133,Juliana Silva,3101752648,2026-02-05
C134,Mateo Quintero,3109388740,2025-09-09
C135,Andrés Polanía,3142124995,2025-12-20
C136,Mateo Charry,3132311018,2026-06-07
C137,Sofía Silva,3198069231,2026-01-22
C138,Ana Medina,3103713782,2026-06-16
C139,Ana Vargas,3164703987,2025-10-08
C140,Diego Charry,3124690210,2025-09-20
C141,Natalia Losada,3147300593,2026-05-03
C142,Juliana Rojas,3155250989,2026-07-05
C143,Camila Trujillo,3168309844,2026-02-17
C144,Laura Vargas,3105463451,2026-04-22
C145,Santiago Ortiz,3173614136,2025-11-08
C146,Valentina Polanía,3182751191,2026-04-07
C147,Laura Trujillo,3107795118,2025-08-10
C148,Diego Rojas,3172975571,2026-01-15
C149,Natalia Trujillo,3196480169,2026-03-25
C150,Carlos Polanía,3106412637,2025-11-05
C151,Andrés Quintero,3139669227,2025-09-19
C152,Santiago Vargas,3121806586,2025-06-04
C153,Laura Losada,3182867683,2025-12-02
C154,Sebastián Polanía,3136953976,2025-10-25
C155,Diego Charry,3133978095,2026-02-19
C156,Camila Trujillo,3142157245,2025-10-28
C157,Valentina Medina,3159058316,2026-03-13
C158,Sebastián Rojas,3197583286,2025-07-03
C159,Camila Cuéllar,3153002969,2026-07-02
C160,Diego Silva,3181856892,2025-07-04
C161,Jorge Ramírez,3178581709,2025-10-21
C162,Sebastián Cabrera,3146129656,2025-09-14
C163,Julián Polanía,3189366206,2026-04-16
C164,Mateo Silva,3105654633,2025-12-15
C165,Sebastián Rojas,3143077905,2026-03-28
C166,Laura Perdomo,3182202058,2026-04-06
C167,Juliana Ortiz,3134761215,2026-02-15
C168,Felipe Perdomo,3127156156,2026-01-22
C169,Felipe Trujillo,3161038701,2025-12-22
C170,Diego Cabrera,3114558165,2026-01-03
C171,Santiago Cuéllar,3184634455,2026-04-07
C172,Julián Vargas,3147039101,2026-04-15
C173,Mateo Ramírez,3172754657,2025-11-30
C174,Diego Ortiz,3168884642,2026-05-06
C175,Laura Ortiz,3183925792,2025-06-08
C176,Felipe Trujillo,3178441270,2025-11-23
C177,Jorge Medina,3118448602,2026-03-02
C178,Sebastián Cuéllar,3198963919,2026-01-29
C179,Daniela Medina,3183329461,2025-11-10
C180,Ana Vargas,3148558791,2026-06-04
C181,Mateo Silva,3103074566,2025-06-27
C182,Julián Silva,3124594986,2025-07-02
C183,Valentina Medina,3112599147,2025-12-04
C184,Camila Ortiz,3195357177,2026-01-30
C185,Sofía Polanía,3181676749,2025-11-12
C186,María Losada,3109611578,2026-04-07
C187,Mateo Silva,3191116969,2026-02-13
C188,Diego Trujillo,3125469364,2025-11-18
C189,Valentina Charry,3168542856,2025-09-23
C190,Paula Vargas,3102192634,2026-03-27
C191,Juliana Cuéllar,3106373915,2025-12-14
C192,Luis Ramírez,3155779742,2026-05-03
C193,Laura Cabrera,3127817828,2025-08-21
C194,Sofía Losada,3197287351,2026-04-02
C195,Juliana Losada,3198425120,2026-03-09
C196,Laura Cabrera,3108139552,2026-01-01
C197,Paula Quintero,3166245738,2026-06-16
C198,Felipe Cuéllar,3124149677,2026-03-17
C199,Jorge Vargas,3131966855,2026-06-06
C200,Luis Vargas,3132474359,2026-03-11
C201,María Silva,3148840867,2025-09-25
C202,Sofía Charry,3173398505,2025-11-01
C203,Laura Cuéllar,3159046275,2026-05-21
C204,Jorge Silva,3193754776,2025-06-09
C205,Mateo Silva,3131515313,2026-06-01
C206,Diego Silva,3173609977,2026-06-15
C207,Juliana Trujillo,3134461854,2026-05-02
C208,Paula Cuéllar,3101933120,2025-12-05
C209,Jorge Quintero,3154867851,2026-03-02
C210,Valentina Quintero,3138181485,2025-09-28
C211,Daniela Cuéllar,3124724378,2025-08-12
C212,Sebastián Ramírez,3135443606,2025-09-09
C213,Valentina Polanía,3119988955,2026-05-24
C214,Diego Rojas,3122937875,2025-11-07
C215,Diego Perdomo,3165895231,2026-03-14
C216,Andrés Polanía,3179889805,2026-01-18
C217,Santiago Polanía,3165461519,2026-07-01
C218,Santiago Quintero,3136322773,2025-12-25
C219,Mateo Losada,3195920357,2025-11-25
C220,Carlos Cuéllar,3152037422,2025-10-31
C221,Camila Rojas,3147445219,2026-02-25
C222,Natalia Cabrera,3189208661,2025-07-02
C223,Camila Losada,3169339186,2026-06-21
C224,Ana Ramírez,3106280018,2026-06-28
C225,Jorge Rojas,3124172601,2025-07-11
C226,Paula Vargas,3197079592,2025-06-07
C227,Juliana Losada,3149501552,2026-05-18
C228,Camila Ortiz,3139803221,2026-06-03
C229,Julián Ramírez,3123546595,2025-12-02
C230,Daniela Quintero,3169421178,2025-06-13
C231,Natalia Perdomo,3107572601,2025-07-12
C232,Laura Cuéllar,3148846533,2025-12-20
C233,María Quintero,3172507328,2026-06-14
C234,Felipe Ramírez,3169786219,2026-04-11
C235,Natalia Cabrera,3117781658,2025-06-12
C236,Juliana Rojas,3112498656,2026-02-21
C237,Mateo Vargas,3125861086,2026-04-20
C238,Sofía Charry,3172003800,2026-03-10
C239,Sofía Rojas,3107521289,2025-11-22
C240,Santiago Cabrera,3136356625,2025-07-09
C241,Natalia Silva,3146204583,2026-03-20
C242,Laura Ortiz,3138625062,2026-05-12
C243,Jorge Ortiz,3117927561,2026-01-05
C244,Sebastián Cabrera,3141825438,2026-02-15
C245,Juliana Trujillo,3197859251,2025-07-11
C246,Santiago Perdomo,3115873190,2026-06-12
C247,Camila Cabrera,3112699025,2025-10-21
C248,Daniela Trujillo,3124124613,2026-07-04
C249,María Trujillo,3195582746,2025-08-01
C250,Valentina Polanía,3148729611,2026-03-29
C251,Juliana Ortiz,3108937124,2026-03-28
C252,Laura Cuéllar,3101918919,2026-04-19
C253,Daniela Trujillo,3104979389,2025-09-16
C254,Laura Quintero,3198591761,2026-06-20
C255,Valentina Losada,3106421272,2025-11-12
C256,Jorge Silva,3198696456,2026-03-15
C257,Laura Vargas,3126375340,2025-07-03
C258,Andrés Ortiz,3133007322,2026-01-31
C259,Mateo Ortiz,3185525672,2025-09-11
C260,Paula Ramírez,3145636393,2025-12-28
C261,Andrés Ortiz,3129046700,2026-03-22
C262,Jorge Ramírez,3154201770,2025-12-27
C263,Valentina Cabrera,3153114906,2025-06-29
C264,Paula Silva,3147739720,2026-02-11
C265,Sebastián Charry,3184776227,2025-10-22
C266,María Cuéllar,3175359155,2026-02-05
C267,Carlos Ramírez,3109789277,2026-03-02
C268,Valentina Perdomo,3187071807,2025-06-01
C269,Jorge Quintero,3107046639,2025-09-20
C270,Andrés Ramírez,3129404994,2025-07-30
C271,Andrés Perdomo,3107446652,2026-03-04
C272,Andrés Ortiz,3139592950,2025-11-14
C273,Juliana Ortiz,3176699726,2025-07-10
C274,Carlos Silva,3156286733,2025-09-24
C275,Camila Cabrera,3163558037,2026-06-18
C276,Felipe Losada,3153077164,2026-02-25
C277,Camila Perdomo,3125783520,2025-11-05
C278,Natalia Trujillo,3161531506,2026-07-02
C279,Ana Vargas,3192514591,2026-02-25
C280,Ana Rojas,3157375322,2025-09-15
C281,Paula Silva,3127111100,2025-08-03
C282,Jorge Cuéllar,3151255088,2026-04-21
C283,Paula Trujillo,3182468486,2025-10-02
C284,Sofía Charry,3116560418,2025-10-27
C285,Camila Quintero,3114668886,2025-09-09
C286,Luis Quintero,3106300692,2026-03-17
C287,María Silva,3182158315,2025-07-29
C288,Sebastián Ortiz,3158762370,2025-07-06
C289,Daniela Ramírez,3123330416,2026-01-21
C290,Sofía Silva,3144369637,2026-02-05
C291,Daniela Rojas,3105044329,2026-02-10
C292,Mateo Vargas,3196335462,2025-12-26
C293,Daniela Quintero,3139824666,2025-09-08
C294,Valentina Cabrera,3102884862,2026-04-28
C295,Camila Silva,3192461466,2026-06-28
C296,María Cabrera,3182308029,2025-07-18
C297,Andrés Trujillo,3127972596,2025-10-02
C298,Sebastián Trujillo,3164442100,2025-12-26
C299,Valentina Ramírez,3129342699,2025-11-14
C300,Felipe Charry,3141599033,2026-05-12
